{"initial_reset_timestamp": 4222.377011269, "timestamps": [4233.519279286, 4239.045895562, 4244.53394416, 4257.486768767, 4273.468115238, 4278.246205479, 4283.504618828, 4288.502230997, 4295.755141747, 4299.339052495, 4303.474369773, 4308.082162977, 4313.575351587, 4318.965552585, 4323.522543155, 4337.289265823, 4342.240729543, 4347.281364172, 4352.705589713, 4370.381033425, 4386.082460114, 4390.530881368, 4396.113824626, 4418.931107966, 4432.354376638, 4437.760265409, 4442.271798653, 4446.355994212, 4451.370099334, 4470.475464702, 4491.140197615, 4504.354804309, 4508.370545046, 4541.502728854, 4567.685414119, 4595.042144774, 4612.592748529, 4617.178824388, 4632.154000794, 4644.277317394, 4657.195134772, 4683.236337766, 4687.801093234, 4693.268730299, 4698.670958231, 4716.785270449, 4735.461697722, 4740.931470078, 4745.982782019, 4751.16691149, 4755.799780832, 4768.728330709, 4773.290930698, 4787.930168169, 4805.645745688, 4810.213355294, 4815.644132541, 4820.617069894, 4826.077919064, 4833.281421324, 4848.712083484, 4854.228320288, 4880.72577851, 4895.741648104, 4911.249420721, 4925.40241052, 4933.223304059, 4938.134797093, 4942.249624258, 4946.817421378, 4962.219728647, 4978.135900129, 5017.916513198, 5032.399037795, 5035.672269189, 5039.827335945, 5044.365415622, 5051.160483415, 5055.615950667, 5080.358137752, 5091.536186058, 5104.474286596, 5120.827516613, 5125.37482763, 5130.864125784, 5137.618820359, 5156.609008414, 5160.237954691, 5167.090078646, 5172.030669863, 5176.548915857, 5181.123183324, 5185.2352538, 5191.154111182, 5195.180020435, 5199.307222329, 5204.737889978, 5209.27453818, 5215.148860462, 5220.106160528, 5225.986463112, 5230.505404213, 5240.255701793, 5250.017402712, 5270.507685846, 5285.107498641, 5301.543885776, 5312.734612673, 5332.712220038, 5349.442388652, 5354.038941696, 5366.117462315, 5382.78216636, 5397.800345232, 5402.880613971, 5410.138113099, 5415.490228042, 5421.377174625, 5425.872330214, 5429.981949289, 5434.08896688, 5448.364890048, 5460.816981856, 5479.867727481, 5497.96025483, 5510.728524676, 5524.919927609, 5539.995390997, 5545.56914928, 5550.531284272, 5558.069984608, 5563.595348182, 5568.993236422, 5584.146979435, 5588.155491589, 5617.674145606, 5624.14404862, 5643.686941133, 5662.231797465, 5675.275805187, 5689.765008317, 5694.937661644, 5699.570122056, 5713.666303108, 5726.487233213, 5751.28650858, 5758.56190478, 5763.949701647, 5768.938133858, 5773.049854675, 5778.031956084, 5819.451808934, 5836.499677526, 5847.164668097, 5862.704326972, 5874.895430289, 5879.453692039, 5885.372202424, 5897.366987015, 5918.780045652, 5927.564272974, 5944.438562487, 5964.975617081, 5971.312487793, 5982.986660086, 6003.114740429, 6020.421478136, 6032.508465648, 6037.471685419, 6042.483726692, 6058.37733101, 6069.88190485, 6081.773590742, 6095.277394399, 6113.044435872, 6117.550639706, 6122.154726518, 6127.656202092, 6133.160659997, 6138.658485844, 6151.150417455, 6163.788467989, 6167.993292146, 6172.124405734, 6176.208798812, 6191.97989399, 6204.526568318, 6219.00587682, 6224.541850855, 6237.948204391, 6241.53206286, 6264.054475843, 6269.148202756, 6275.238704095], "episode_lengths": [45, 20, 20, 53, 66, 16, 18, 18, 28, 12, 14, 16, 20, 20, 16, 55, 18, 18, 20, 74, 64, 14, 20, 96, 55, 20, 16, 14, 18, 80, 87, 53, 14, 142, 111, 117, 74, 16, 62, 49, 53, 111, 16, 20, 20, 76, 78, 20, 18, 18, 16, 53, 16, 60, 74, 16, 20, 18, 20, 28, 64, 20, 113, 62, 64, 58, 30, 18, 14, 16, 64, 66, 171, 60, 10, 14, 16, 26, 16, 105, 45, 53, 68, 16, 20, 26, 80, 12, 26, 18, 16, 16, 14, 22, 14, 14, 20, 16, 22, 18, 22, 16, 39, 39, 86, 60, 68, 45, 84, 70, 16, 49, 70, 62, 18, 28, 20, 22, 16, 14, 14, 59, 51, 80, 76, 52, 58, 62, 20, 18, 29, 20, 20, 63, 14, 126, 24, 82, 78, 53, 57, 18, 16, 57, 51, 105, 28, 20, 18, 14, 18, 175, 70, 43, 64, 49, 16, 22, 49, 90, 35, 70, 86, 24, 47, 84, 72, 49, 18, 18, 65, 47, 47, 55, 74, 16, 16, 20, 20, 20, 51, 51, 14, 14, 14, 65, 51, 60, 20, 55, 12, 94, 18, 22], "episode_rewards": [-716.0, -215.0, -414.0, -837.0, 572.0, -58.0, -222.0, 41.0, -23.0, -144.0, -233.0, -97.0, 41.0, 60.0, -77.0, -742.0, -190.0, -249.0, 80.0, 530.0, -952.0, -75.0, 33.0, 677.0, 241.0, 80.0, -44.0, -253.0, 20.0, 153.0, 348.0, -428.0, -35.0, 1863.0, 1394.0, 1447.0, 623.0, -57.0, -1099.0, 432.0, -757.0, 547.0, -77.0, 60.0, 60.0, -38.0, 795.0, 60.0, -229.0, 0.0, -98.0, -1208.0, 21.0, 490.0, 301.0, -77.0, 60.0, 42.0, 60.0, -25.0, -276.0, -7.0, 586.0, -318.0, 195.0, -677.0, 135.0, -249.0, -93.0, -77.0, 317.0, 537.0, 2551.0, 568.0, -82.0, -254.0, -57.0, 35.0, -97.0, 1321.0, -104.0, -229.0, -614.0, -77.0, 60.0, -171.0, 856.0, -105.0, 23.0, -248.0, -199.0, -36.0, -276.0, 42.0, -253.0, -253.0, 40.0, -77.0, 43.0, 0.0, 62.0, -500.0, -199.0, 244.0, 962.0, -555.0, 876.0, -181.0, 1008.0, 849.0, -77.0, -72.0, 681.0, -157.0, 61.0, -1.0, 60.0, 62.0, -44.0, -253.0, -213.0, -1223.0, 177.0, 594.0, 444.0, 495.0, 624.0, 585.0, 60.0, -39.0, 40.0, 0.0, 41.0, -651.0, -13.0, 60.0, 39.0, 545.0, 304.0, 492.0, 253.0, -223.0, -97.0, -956.0, -81.0, 1085.0, 59.0, 19.0, -665.0, -72.0, 15.0, 3000.0, -1420.0, -522.0, -637.0, 72.0, -77.0, 62.0, -573.0, 951.0, -127.0, -180.0, 207.0, -516.0, 338.0, 781.0, 612.0, -347.0, -21.0, 35.0, -332.0, 245.0, 36.0, -277.0, 969.0, -136.0, 27.0, 60.0, 19.0, 39.0, -710.0, -720.0, -233.0, -213.0, -273.0, 660.0, -617.0, -1572.0, -45.0, -154.0, -29.0, 1184.0, -21.0, 42.0], "episode_types": ["t", "t", "t", "t", "t", "t", "t", "t", "t", "t", "t", "t", "t", "t", "t", "t", "t", "t", "t", "t", "t", "t", "t", "t", "t", "t", "t", "t", "t", "t", "t", "t", "t", "t", "t", "t", "t", "t", "t", "t", "t", "t", "t", "t", "t", "t", "t", "t", "t", "t", "t", "t", "t", "t", "t", "t", "t", "t", "t", "t", "t", "t", "t", "t", "t", "t", "t", "t", "t", "t", "t", "t", "t", "t", "t", "t", "t", "t", "t", "t", "t", "t", "t", "t", "t", "t", "t", "t", "t", "t", "t", "t", "t", "t", "t", "t", "t", "t", "t", "t", "t", "t", "t", "t", "t", "t", "t", "t", "t", "t", "t", "t", "t", "t", "t", "t", "t", "t", "t", "t", "t", "t", "t", "t", "t", "t", "t", "t", "t", "t", "t", "t", "t", "t", "t", "t", "t", "t", "t", "t", "t", "t", "t", "t", "t", "t", "t", "t", "t", "t", "t", "t", "t", "t", "t", "t", "t", "t", "t", "t", "t", "t", "t", "t", "t", "t", "t", "t", "t", "t", "t", "t", "t", "t", "t", "t", "t", "t", "t", "t", "t", "t", "t", "t", "t", "t", "t", "t", "t", "t", "t", "t", "t", "t"]}