{"initial_reset_timestamp": 1006.372749767, "timestamps": [1010.093226967, 1013.100758695, 1016.008521399, 1018.261846477, 1020.905252815, 1022.840062299, 1024.86655926, 1026.927121654, 1029.262409662, 1031.397227869, 1035.57151543, 1037.984228171, 1040.511427295, 1042.734104845, 1044.929508538, 1045.749369464, 1049.620056828, 1052.016411466, 1057.548551659, 1059.807306021, 1063.877889821, 1067.768824633, 1070.820077197, 1074.688609145, 1076.631908224, 1078.842630162, 1081.776683442, 1084.72874313, 1086.894714695, 1089.355644333, 1091.798051672, 1094.696350444, 1097.126056708, 1099.988549452, 1103.633998332, 1105.243731614, 1108.152917508, 1110.624414046, 1113.312997623, 1117.492606004, 1121.28238063, 1126.298446304, 1130.116226766, 1132.749192162, 1135.780605009, 1137.147999956, 1139.282761735, 1142.36484262, 1147.273307866, 1152.210272646, 1154.137187276, 1157.951578241, 1162.032006267, 1165.807349435, 1167.937245318, 1170.692035114, 1173.517738072, 1174.851585538, 1176.933582222, 1181.995927819, 1184.836071211, 1188.664429411, 1192.673564997, 1195.532279187, 1199.62837119, 1203.698747081, 1205.902051383, 1212.824086475, 1216.69985742, 1219.258640983, 1222.533145964, 1225.640873639, 1228.946416595, 1231.622686412, 1235.264165747, 1238.393669741, 1243.548089885, 1245.217492274, 1248.8849156, 1251.715332098, 1254.661214483, 1257.982636367, 1262.647701874, 1265.363727757, 1269.526332341, 1272.516872457, 1274.696696299, 1276.446437072, 1280.142111182, 1284.56123118, 1287.250633878, 1289.889253977, 1291.618800787, 1296.691662562, 1298.906745523, 1301.063407188, 1303.736896076, 1308.001603144, 1310.864323184, 1314.945157746, 1319.715213413, 1324.130283042, 1326.26094023, 1329.247410417, 1332.242875997, 1337.137366007, 1340.232300069, 1344.800608227, 1349.819721845, 1352.700194021, 1357.726041703, 1362.334527992, 1365.426770719, 1367.368068866, 1372.120863625, 1374.462950458, 1379.413824195, 1383.12049986, 1385.496911417, 1389.756011659, 1393.070672437, 1397.221391046, 1399.549091403, 1401.803540264, 1405.179043143, 1410.184542465, 1412.812064065, 1415.268380265, 1418.013112023, 1420.639335538, 1421.474320464, 1422.849616579, 1425.305202765, 1427.774246207, 1429.973671469, 1432.468935217, 1434.189317441, 1436.676438629, 1438.896176923, 1441.118568733, 1443.417939838, 1446.262668018, 1448.940544009, 1451.117512967, 1453.847407123, 1456.024467464, 1460.126393566, 1463.930130719, 1467.695111747, 1471.699557779, 1475.7247373, 1477.675059615, 1480.598498091, 1482.838208107, 1485.811090158, 1488.772573581, 1493.568410878, 1497.601332384, 1500.450903431, 1503.362310595, 1506.254086236, 1508.675532735, 1510.671319769, 1513.107806342, 1515.309539531, 1518.731451065, 1519.990783735, 1522.941284338, 1525.821831748, 1528.724092282, 1532.402048047, 1534.603107548, 1537.105508234, 1540.565265878, 1543.287649143, 1546.234568339, 1550.989816062, 1552.203999126, 1554.448462522, 1559.466446865, 1565.03699764, 1569.039453633, 1573.262687948, 1575.83758507, 1578.520613667, 1582.571997637, 1586.608218115, 1588.321373886, 1592.423387089, 1597.578994991, 1601.577953172, 1605.655763205, 1609.903194406, 1614.642209392, 1618.638882599, 1622.658837392, 1627.119995487, 1631.138217588, 1635.155779085, 1639.141174535, 1642.923958572, 1645.100917328, 1647.068735038, 1651.817897554, 1656.500984636, 1660.503926833, 1664.570286814, 1669.328532616, 1673.488424424, 1677.531493742, 1678.726959475, 1681.691260588, 1685.467072029, 1690.088705034, 1692.795560953, 1698.051299549, 1700.640921786, 1703.529483584, 1706.891932475, 1708.618898712, 1712.76496643, 1716.133092258, 1720.178561334, 1724.074083737, 1728.233710792, 1732.064722695, 1735.395782471, 1737.346567651, 1741.160560744, 1743.32700167, 1747.21780275, 1750.996469961, 1753.813695838, 1755.736285403, 1757.936287503, 1761.766177253, 1764.559009525, 1766.739218282, 1769.172632871, 1770.908094622, 1772.678723285, 1775.345388739, 1777.98673374, 1783.148088658, 1785.902347181, 1788.348360291, 1791.640926236, 1794.046129585, 1796.025235574, 1798.688736066, 1800.899782874, 1803.374918577, 1804.196348624, 1808.945258867, 1812.678822663, 1815.300962538, 1817.043476476, 1818.786367111, 1821.662675615, 1823.835415419, 1826.488704774, 1828.445439644, 1831.138104692, 1835.105977708, 1837.716178543, 1840.92667863, 1844.613919229, 1847.874552617, 1850.223493157, 1852.481285708, 1855.13584508, 1856.662247963, 1859.176876084, 1861.170121779, 1867.116528862, 1869.216874383, 1871.896653642, 1873.628109346, 1878.397249599, 1881.480408613, 1885.624239108, 1889.676220676, 1894.219905928, 1898.288701573, 1902.319656358, 1906.241551071, 1909.547278375, 1913.318391606, 1917.655802611, 1919.324941767, 1922.446944533, 1925.284489177, 1927.726172696, 1930.115895265, 1932.541569718, 1936.589586687, 1941.281071981, 1944.30852237, 1948.117333157, 1951.050610181, 1954.427506166, 1957.110006733, 1959.77696499, 1964.475789151, 1967.271831878, 1970.144385688, 1972.295743286, 1976.126934113, 1980.372974745, 1984.465611217, 1988.191840894, 1992.213386008, 1996.178314376, 2000.140636859, 2003.852131131, 2007.807325381, 2011.550897816, 2015.29105529, 2019.047366647, 2021.02589457, 2025.757223282, 2028.763542431, 2031.161288665, 2033.359935824, 2035.323142841, 2037.994270042, 2041.358121582, 2044.636747203, 2047.46962125, 2049.885053731, 2052.291558652, 2054.705663512, 2058.707036603, 2061.059560955, 2063.469061904, 2066.166190627, 2068.853824356, 2071.479516969, 2076.190807113, 2078.285492158, 2081.206597562, 2083.600481291, 2086.055841541, 2089.840908125, 2092.256499442, 2098.310763066, 2103.334354362, 2106.149076906, 2110.351400241, 2113.180216057, 2118.177594503, 2122.495077213, 2125.066353049, 2129.33563599, 2132.154133141, 2135.035389569, 2137.871147539, 2140.994465931, 2141.778547775, 2145.627695446, 2148.511055676, 2152.220340461, 2157.904151698, 2161.147565951, 2165.468118084, 2169.668108222, 2172.509922098, 2175.380131099, 2178.008930956, 2182.231914808, 2185.04393478, 2187.671604313, 2190.330802402, 2193.66462714, 2196.467875343, 2200.740875377, 2205.61200059, 2208.856534574, 2212.163890004, 2215.052123298, 2220.017370483, 2222.8556247, 2227.182776928, 2230.000025893, 2232.635412097, 2236.882030563, 2241.064394944, 2245.02232207, 2249.206122937, 2253.154867302, 2256.414500541, 2261.336516018, 2264.112878514, 2266.746200063, 2269.696858076, 2272.270488931, 2276.520761887, 2281.377031399, 2286.057008549, 2288.765874897, 2291.167183974, 2294.725895461, 2296.93033579, 2300.697702593, 2305.363290349, 2309.313182925, 2311.502033601, 2315.306983175, 2319.056904494, 2323.085214124, 2327.219311524, 2331.203820939, 2335.164990811, 2339.1344631, 2342.883651445, 2346.923906869, 2351.116803189, 2353.252624406, 2356.137748346, 2358.302010492, 2361.203543519, 2364.939005945, 2368.215336793, 2371.977198372, 2375.923784257, 2379.933136344, 2383.670410594, 2386.284223303, 2388.058868386, 2389.323497541, 2392.234092393, 2396.225934953, 2398.37598809, 2402.388873192, 2405.670999677, 2408.049736038, 2409.321830211, 2411.558022003, 2415.383832965, 2419.33402352, 2423.29603261, 2427.012404773, 2430.996198113, 2432.872715887, 2435.075138209, 2437.277359369, 2440.604640496, 2443.006751145, 2447.701212051, 2450.289378144, 2452.91706397, 2455.777974669, 2457.007570787, 2459.464958059, 2463.240993171, 2466.533236667, 2470.491746625, 2472.64184716, 2477.567955408, 2481.794671881, 2486.425328516, 2488.090632159, 2490.798891019, 2495.705439683, 2499.383321309, 2501.324561361, 2503.996698381, 2506.871524504, 2511.808305773, 2516.467860976, 2518.818722384, 2522.321803467, 2527.071471349, 2530.753819849, 2533.571968333, 2535.979692615, 2538.177432248, 2540.172400849, 2542.606464869, 2544.806575886, 2548.575953003, 2552.339867107, 2554.694197775, 2557.169955422, 2559.559314028, 2562.212241403, 2565.99655869, 2569.761007124, 2572.130198965, 2574.531600171, 2576.963334292, 2580.038151841, 2584.967312355, 2588.377631705, 2590.627214785, 2593.237046325, 2595.884850201, 2598.485986013, 2602.723346839, 